gene,conditions,chrom,start,end,hi_score,inheritance,lof_mechanism,mechanism_note,acmg_restriction
ACTA2,"Aortic aneurysm, familial thoracic 6",chr10,88935074,88991337,1.0,AD,no,missense (dominant negative),
ACTC1,Familial hypertrophic cardiomyopathy 11,chr15,34790230,34795549,1.0,AD,no,missense,
ACVRL1,Hereditary hemorrhagic telangiectasia type 2,chr12,51906944,51923361,3.0,AD,yes,loss of function,
APC,Adenomatous polyposis coli,chr5,112707498,112846239,3.0,AD,yes,loss of function,
APOB,Familial hypercholesterolemia 2,chr2,21001429,21044073,3.0,AD,yes,loss of function,
ATP7B,Wilson disease,chr13,51932669,52012132,30.0,AR,yes,loss of function,
BAG3,Dilated cardiomyopathy 1HH; Myofibrillar myopathy 6,chr10,119651380,119677819,3.0,AD,yes,loss of function,
BMPR1A,Juvenile polyposis syndrome,chr10,86755763,86932844,3.0,AD,yes,loss of function,
BRCA1,"Breast-ovarian cancer, familial 1",chr17,43044295,43170327,3.0,AD,yes,loss of function,
BRCA2,"Breast-ovarian cancer, familial 2",chr13,32315508,32400268,3.0,AD,yes,loss of function,
BTD,Biotinidase deficiency,chr3,15601341,15722522,,AR,yes,loss of function,
CACNA1S,Malignant hyperthermia,chr1,201039512,201112426,0.0,AD,no,gain of function (malignant hyperthermia),
CALM1,Catecholaminergic polymorphic ventricular tachycardia 4; Long QT syndrome 14,chr14,90396502,90408268,0.0,AD,no,missense,
CALM2,Long QT syndrome 15; also associated with catecholaminergic polymorphic ventricular tachycardia,chr2,47160082,47176936,0.0,AD,no,missense,
CALM3,Long QT syndrome 16; also associated with catecholaminergic polymorphic ventricular tachycardia,chr19,46601074,46610782,0.0,AD,no,missense,
CASQ2,Catecholaminergic polymorphic ventricular tachycardia 2,chr1,115700021,115768714,30.0,AR,yes,loss of function,
COL3A1,"Ehlers-Danlos syndrome, type 4",chr2,188974373,189012746,3.0,AD,yes,loss of function,
DES,Dilated cardiomyopathy 1I; Myofibrillar myopathy 1,chr2,219417474,219426740,,AD,yes,loss of function,
DSC2,"Arrhythmogenic right ventricular cardiomyopathy, type 11",chr18,31058840,31102421,1.0,AD,yes,loss of function,
DSG2,"Arrhythmogenic right ventricular cardiomyopathy, type 10",chr18,31498177,31549008,2.0,AD,yes,loss of function,
DSP,"Arrhythmogenic right ventricular cardiomyopathy, type 8; Dilated cardiomyopathy with woolly hair, palmoplantar keratoderma, and tooth agenesis",chr6,7541671,7586714,3.0,AD,yes,loss of function,
ENG,Hereditary hemorrhagic telangiectasia type 1,chr9,127815016,127854658,3.0,AD,yes,loss of function,
FBN1,Marfan's syndrome,chr15,48408313,48645709,3.0,AD,yes,loss of function,
FLNC,Dilated cardiomyopathy; Myofibrillar myopathy 5,chr7,128830406,128859272,3.0,AD,yes,loss of function,
GAA,Pompe disease,chr17,80101526,80119881,,AR,yes,loss of function,
GLA,Fabry's disease,chrX,101397803,101407925,3.0,XL,yes,loss of function,
HFE,Hereditary hemochromatosis (c.845G>A; p.C282Y homozygotes only),chr6,26087429,26098343,30.0,AR,no,specific variant only (p.C282Y homozygous),p.C282Y homozygotes only
HNF1A,Maturity-Onset of Diabetes of the Young,chr12,120978543,121002512,3.0,AD,yes,loss of function,
KCNH2,Long QT syndrome 2,chr7,150944961,150978321,3.0,AD,yes,loss of function,
KCNQ1,Long QT syndrome 1,chr11,2445008,2849105,3.0,AD,yes,loss of function,
LDLR,Familial hypercholesterolemia 1,chr19,11089463,11133820,3.0,AD,yes,loss of function,
LMNA,Dilated cardiomyopathy 1A,chr1,156082573,156140081,3.0,AD,mixed,loss of function and missense,
MAX,Pheochromocytoma,chr14,65006101,65102695,3.0,AD,yes,loss of function,
MEN1,"Multiple endocrine neoplasia, type 1",chr11,64803516,64811294,3.0,AD,yes,loss of function,
MLH1,Lynch syndrome 2,chr3,36993466,37050846,3.0,AD,yes,loss of function,
MSH2,Lynch syndrome 1,chr2,47403067,47709830,3.0,AD,yes,loss of function,
MSH6,Lynch syndrome 5,chr2,47783145,47810101,3.0,AD,yes,loss of function,
MUTYH,MYH-associated polyposis,chr1,45329242,45340440,30.0,AR,yes,loss of function,
MYBPC3,Familial hypertrophic cardiomyopathy 4,chr11,47331406,47352702,3.0,AD,yes,loss of function,
MYH11,"Aortic aneurysm, familial thoracic 4",chr16,15703135,15857028,0.0,AD,no,missense,
MYH7,Dilated cardiomyopathy 1S; Familial hypertrophic cardiomyopathy 1,chr14,23412740,23435660,0.0,AD,no,dominant negative missense,
MYL2,Familial hypertrophic cardiomyopathy 10,chr12,110910845,110921449,30.0,AD,no,missense,
MYL3,Familial hypertrophic cardiomyopathy 8,chr3,46857872,46882182,0.0,AD,no,missense,
NF2,"Neurofibromatosis, type 2",chr22,29603556,29698600,3.0,AD,yes,loss of function,
OTC,Ornithine carbamoyltransferase deficiency,chrX,38327684,38422928,3.0,XL,yes,loss of function,
PALB2,Hereditary breast cancer,chr16,23603165,23641310,3.0,AD,yes,loss of function,
PCSK9,"Hypercholesterolemia, autosomal dominant, 3",chr1,55039548,55064852,40.0,AD,no,gain of function,
PKP2,"Arrhythmogenic right ventricular cardiomyopathy, type 9",chr12,32790755,32896777,3.0,AD,yes,loss of function,
PMS2,Lynch syndrome 4,chr7,5970925,6009106,3.0,AD,yes,loss of function,
PRKAG2,Familial hypertrophic cardiomyopathy 6,chr7,151556127,151877115,0.0,AD,no,gain of function,
PTEN,PTEN hamartoma tumor syndrome,chr10,87863625,87971930,3.0,AD,yes,loss of function,
RB1,Retinoblastoma,chr13,48303751,48481890,3.0,AD,yes,loss of function,
RBM20,Dilated cardiomyopathy 1DD,chr10,110643245,110839468,1.0,AD,no,missense hotspot (RS domain),
RET,"Familial medullary thyroid carcinoma; Multiple endocrine neoplasia, type 2a; Multiple endocrine neoplasia, type 2b",chr10,43077069,43130351,3.0,AD,no,gain of function,
RPE65,RPE65-related retinopathy,chr1,68428822,68451103,,AR,yes,loss of function,
RYR1,Malignant hyperthermia,chr19,38433691,38587564,30.0,AD,no,gain of function (malignant hyperthermia),
RYR2,Catecholaminergic polymorphic ventricular tachycardia 1,chr1,237042184,237833988,0.0,AD,no,gain of function,
SCN5A,Brugada syndrome 1; Dilated cardiomyopathy 1E; Long QT syndrome 3,chr3,38548062,38649687,3.0,AD,mixed,loss of function (Brugada) and gain of function (long QT 3),
SDHAF2,Paragangliomas 2,chr11,61430124,61446733,3.0,AD,yes,loss of function,
SDHB,Hereditary paraganglioma-pheochromocytoma syndrome,chr1,17018722,17054032,3.0,AD,yes,loss of function,
SDHC,Paragangliomas 3,chr1,161314381,161363206,3.0,AD,yes,loss of function,
SDHD,Hereditary paraganglioma-pheochromocytoma syndrome,chr11,112086873,112095794,3.0,AD,yes,loss of function,
SMAD3,Loeys-Dietz syndrome type 3,chr15,67065602,67195169,3.0,AD,mixed,loss of function and missense,
SMAD4,Juvenile polyposis syndrome; Juvenile polyposis/hereditary hemorrhagic telangiectasia syndrome,chr18,51030213,51085042,3.0,AD,yes,loss of function,
STK11,Peutz-Jeghers syndrome,chr19,1205778,1228431,3.0,AD,yes,loss of function,
TGFBR1,Loeys-Dietz syndrome type 1A,chr9,99103647,99154192,3.0,AD,no,missense (kinase domain),
TGFBR2,Loeys-Dietz syndrome type 1B,chr3,30606356,30694142,0.0,AD,no,missense (kinase domain),
TMEM127,Pheochromocytoma,chr2,96248514,96265997,3.0,AD,yes,loss of function,
TMEM43,"Arrhythmogenic right ventricular cardiomyopathy, type 5",chr3,14125052,14143680,0.0,AD,no,single missense founder variant (p.S358L),
TNNC1,Dilated cardiomyopathy 1Z,chr3,52451100,52454041,0.0,AD,no,missense,
TNNI3,Familial hypertrophic cardiomyopathy 7,chr19,55151767,55157732,1.0,AD,no,missense,
TNNT2,Dilated cardiomyopathy 1D; Familial hypertrophic cardiomyopathy 2,chr1,201359014,201377680,0.0,AD,no,missense,
TP53,Li-Fraumeni syndrome 1,chr17,7668421,7687490,3.0,AD,yes,loss of function,
TPM1,Familial hypertrophic cardiomyopathy 3,chr15,63042747,63071915,0.0,AD,no,missense,
TRDN,Catecholaminergic polymorphic ventricular tachycardia 5; Long QT syndrome,chr6,123216339,123636950,30.0,AR,yes,loss of function,
TSC1,Tuberous sclerosis 1,chr9,132891349,132945378,3.0,AD,yes,loss of function,
TSC2,Tuberous sclerosis 2,chr16,2047985,2089491,3.0,AD,yes,loss of function,
TTN,Dilated cardiomyopathy (truncating variants only),chr2,178525989,178807423,2.0,AD,yes,loss of function,truncating variants only
TTR,Hereditary transthyretin-related amyloidosis,chr18,31591877,31598821,0.0,AD,no,gain of function (amyloid),
VHL,Von Hippel-Lindau syndrome,chr3,10141778,10153667,3.0,AD,yes,loss of function,
WT1,Wilms' tumor,chr11,32387775,32435539,3.0,AD,yes,loss of function,
